Epoch,Mean Dice Score,Dice TC,Dice WT,Dice ET
0,0.051838468760252,0.05075494572520256,0.07657003402709961,0.028190413489937782
