Epoch,Mean Dice Score,Dice TC,Dice WT,Dice ET
0,0.014358578249812126,0.003897683694958687,0.0004214501241222024,0.0387566015124321
